actual,1-day ahead,2-day ahead,3-day ahead,4-day ahead,5-day ahead
0.072876029268479,0.0623982733488083,0.06365994930267334,0.069472097158432,0.09145749807357788,0.06224884152412415
0.001585216743404,0.00400432169437408,0.0579817247390747,0.0078451108932495,0.0033370840549469,0.05018075704574585
0.0759748199377184,0.06794746577739716,0.09486364841461182,0.09463767766952515,0.06883053183555603,0.09559462249279022
0.1375465678314196,0.12047576487064362,0.12443910121917725,0.12663725554943085,0.18224124372005463,0.12635437816381454
0.1945169363620732,0.1881984233856201,0.1907914012670517,0.18909439712762833,0.18193616211414337,0.19377480387687683
0.0,0.00998612999916077,0.0057826954126358,0.00802061140537262,0.00741588532924652,0.00669803380966187
0.1026612918632863,0.15830081701278687,0.15251697182655334,0.1548453187942505,0.15585407435894012,0.1505220341682434
0.0664181456928337,0.05971006035804749,0.09032824039459229,0.05400706470012665,0.05060332119464874,0.05377472162246704
0.3312400894102362,0.3229115068912506,0.32511940121650696,0.32838738977909088,0.32808984339237213,0.32614111840724945
0.2406625527768756,0.2942671102285385,0.23126331508159637,0.23346111714839935,0.29864262342453003,0.23538972854614258
0.1412041724776952,0.1317202240228653,0.19464734733104706,0.1933948302268982,0.19027640581130981,0.13947588443756104
0.2153468467607893,0.20995479106903076,0.26574110984802246,0.20475787460803986,0.26713889598846436,0.2652814257144928
0.2533223162600538,0.24330868661403656,0.29641431748867035,0.2905592691898346,0.24833942711353302,0.242029824256897
0.236013225074671,0.22086251735687256,0.2812686836719513,0.22561870098114014,0.22850099563598633,0.28706149399280548
0.1912352176986416,0.1937522792816162,0.1911652708053589,0.18122811555862427,0.19724416434764862,0.1912014842033386
0.1646700609441568,0.19627387404441833,0.15841547012329102,0.1941921544075012,0.19732457756996155,0.19498279809951782
0.5034063771660011,0.50056403279304504,0.55974459648132324,0.5593882191181183,0.50065869510173798,0.55726381301879883
0.2269888046157079,0.27867199897766113,0.27880158364772797,0.2742606484889984,0.21712661147117615,0.2745234888792038
0.3344501652560991,0.3842110085487366,0.3296550190448761,0.38601171612739563,0.3209940469264984,0.3233728086948395
0.1439452266778748,0.19053190648555756,0.136541610956192,0.1979984486103058,0.190359388589859,0.1939214611053467
0.4323706130714708,0.42596445679664612,0.4256378149986267,0.424846009016037,0.48007908821105957,0.48600652813911438
0.1058302924937431,0.10546632587909698,0.10356408953666687,0.1040025317668915,0.15619851887226105,0.10636778950691223
0.2734888141680836,0.2933548355102539,0.29811994910240173,0.26910957992076874,0.29447332501411438,0.2644242149591446
0.2271932254551706,0.215641747713089,0.2734045511484146,0.21653006851673126,0.2789375001192093,0.21425163507461548
0.216772488380056,0.20348526000976562,0.2600094735622406,0.26566946029663086,0.2653641813993454,0.2619354283809662
0.2033495405307299,0.20892634868621826,0.25356113135814667,0.2516248595714569,0.25286220729351044,0.20582940578460693
0.2989540148634965,0.28264469623565674,0.2918831318616867,0.29514591574668884,0.28039817214012146,0.2844439435005188
0.116394742372428,0.10990412771701813,0.16145260334014893,0.1612796223163605,0.1639750772714615,0.1683186560869217
0.1365894197887014,0.1234772253036499,0.1885631513595581,0.18300959825515747,0.12771249175071716,0.126468209028244
0.3249885371491889,0.31486424028873444,0.31166949093341827,0.31761119902133942,0.31045132100582123,0.37639148771762848
0.1503295569608161,0.1984695518016815,0.1428524386882782,0.1424351465702057,0.19628108203411102,0.1451761043071747
0.1744555145864776,0.19683319449424744,0.1629942274093628,0.19693646907806396,0.16873326539993286,0.16440260648727417
0.2471567353800889,0.23120459258556366,0.23878938913345337,0.23452828526496887,0.23824687004089355,0.2351345658302307
0.270529965802495,0.29514054477214813,0.26200165688991547,0.2931520926952362,0.29685971856117249,0.26545445442199707
0.4037531284030337,0.45760545134544373,0.4026983267068863,0.4092351734638214,0.45937706232070923,0.40160295188426971
0.1327345585847199,0.18537588834762573,0.18888617634773254,0.12546255707740784,0.12608545660972595,0.18688713550567627
0.1975593680148252,0.18701715767383575,0.19993286907672882,0.19673835933208466,0.19166844129562378,0.18870784223079681
0.1315949601665934,0.1808358782529831,0.18661394834518433,0.120210542678833,0.1811166650056839,0.12700899064540863
0.2124711040635806,0.20107860684394836,0.26923827290534973,0.20946749091148376,0.2647156947851181,0.2646655648946762
0.260573047016793,0.29501382648944855,0.2542279839515686,0.29062015533447266,0.25905321300029755,0.29443819284439087
0.2683138146457024,0.29884552597999573,0.29372850120067596,0.2575120347738266,0.25222425997257233,0.2503488975763321
0.2628498557591273,0.2515589326620102,0.29739822626113892,0.29592219173908234,0.25322775304317474,0.25016496419906616
0.1558919053168522,0.19246794283390045,0.198752681016922,0.14197635889053345,0.19657963633537292,0.19743992388248444
0.2045206617885867,0.2566751515865326,0.25097113728523254,0.2036486780643463,0.2088801658153534,0.20343656182289124
0.1447786714555909,0.13422499537467957,0.130316703915596,0.1385238355398178,0.1398986154794693,0.1335731017589569
0.2656458361194428,0.29042304396629333,0.25690817594528198,0.29321071028709412,0.2558006250858307,0.25574959576129913
0.1639130351718472,0.15371792137622833,0.15208986103534698,0.1593210530281067,0.19525874316692352,0.1524412178993225
0.1582479987772959,0.14247705280780792,0.1960842227935791,0.14843494176864624,0.1929946905374527,0.19764991879463196
0.1705791605372256,0.19967898964881897,0.16175891399383545,0.1972776621580124,0.19245564103126526,0.16919186413288116
0.1664191009304013,0.15124573349952698,0.19950725555419922,0.15824282824993134,0.19407902121543884,0.1948995816707611
0.1971677206121162,0.1916948503255844,0.18901586532592773,0.1830288577079773,0.19537056148052216,0.19083431243896484
0.1721820491756299,0.160690216422081,0.19327813625335693,0.1625886905193329,0.19155943512916565,0.19807509541511536
0.2313606502363321,0.2294728696346283,0.28727751314640045,0.2859468746185303,0.2819962167739868,0.2264014971256256
0.3198684637869438,0.36969713270664215,0.36851190090179443,0.3084994661808014,0.3041069447994232,0.36974905729293823
0.1716604894637296,0.16150033950805664,0.19429486632347107,0.16506943106651306,0.1601814091205597,0.1910842490196228
0.4584939724509485,0.4480521810054779,0.4465012586116791,0.4429107928276062,0.49211061418056488,0.4489714002609253
0.4797456202357525,0.4928831660747528,0.49569054782390594,0.49433270275592804,0.49252948999404907,0.49049624681472778
0.151679307643811,0.1961296445131302,0.19945842862129211,0.19795449376106262,0.19326565086841583,0.14912295937538147
0.2638543611767188,0.2500291657447815,0.29275117993354797,0.25039972245693207,0.2938490605354309,0.2547026550769806
0.2039393997287125,0.2019856083393097,0.25213385701179504,0.2057582187652588,0.20923193752765656,0.2531788969039917
0.3370063809869514,0.3270064663887024,0.38545213997364044,0.38877218782901764,0.3852232265472412,0.3226226532459259
0.2013316011692107,0.20538086891174316,0.20599678814411163,0.20251635909080505,0.20411256611347198,0.2026685619354248
0.2617427354182985,0.25825460016727448,0.25964495718479156,0.2969907432794571,0.25373806715011597,0.2585281252861023
0.2667180902890548,0.29645988523960114,0.25435325920581818,0.25625062108039856,0.2967922508716583,0.29183183193206787
0.1599256149252012,0.1940438961982727,0.1427237939834595,0.1911405575275421,0.147084082365036,0.14910563945770264
0.4252817950824369,0.47644298553466797,0.41428428292274475,0.4705806887149811,0.41742329597473145,0.41767459750175476
0.5529182507689663,0.54775171399116516,0.5997780644893646,0.59998772501945496,0.5400018000602722,0.5912179845571518
0.4735867260187609,0.4999205708503723,0.4986070430278778,0.4964020276069641,0.49269023418426514,0.49852115213871002
0.5062878512886155,0.5553338551521301,0.505239440202713,0.5568747305870056,0.50875264585018158,0.55381204664707184
0.3460023307796648,0.33265474796295166,0.3932446038722992,0.3319257879257202,0.33440684258937836,0.3352400732040405
0.293051124314617,0.2849082016944885,0.28220338821411133,0.29752819955348969,0.29075095891952515,0.28926013231277466
0.1764701106165103,0.16173198640346527,0.1621066802740097,0.19430682599544525,0.1912538731098175,0.1671616470813751
0.1830698469709416,0.19008734822273254,0.1982267224788666,0.1917361259460449,0.19706459760665894,0.19219925999641418
0.1587289608925739,0.14832816421985626,0.1487626713514328,0.19232412338256836,0.14777494132518768,0.1402961826324463
0.2785071547293812,0.26186455845832825,0.26828775644302368,0.29276922404766083,0.2971945059299469,0.290035320520401
0.1690823032688229,0.197378169298172,0.15401554584503174,0.1939094018936157,0.19362872004508972,0.15927444219589233
0.1706412509791184,0.1941968309879303,0.16661630809307098,0.19188342571258545,0.19547793805599213,0.19935497879981995
0.3388031828515751,0.38671096861362457,0.38906063795089722,0.32899629473686218,0.38989746391773224,0.3858562421798706
0.1960171369619624,0.19422905564308167,0.19817375600337982,0.18425193011760712,0.1818869251012802,0.19090902388095856
0.1600142330397569,0.1970515263080597,0.15006804168224335,0.15560854136943817,0.1503073799610138,0.1916900074481964
0.2880389724299699,0.29538988590240479,0.296361625790596,0.2796726244688034,0.2926856243610382,0.2743458366394043
0.1536431776422491,0.14334316790103912,0.14642888128757477,0.14143868803977966,0.14240209102630615,0.1489740455150604
0.1863081023250482,0.19458999276161194,0.1919636857509613,0.1996212160587311,0.1923563623428345,0.1795862352848053
0.2838383355940622,0.2740142524242401,0.29429394841194153,0.2747437655925751,0.2924028420448303,0.2780996263027191
0.4239702539021454,0.41889970242977142,0.41679032385349274,0.4726650321483612,0.4112111270427704,0.4718991148471832
0.2691334084786885,0.25418375313282013,0.29244557201862335,0.25748411655426025,0.29269572019577026,0.25389672696590424
0.2655541333129549,0.25881933093070984,0.29798383355140686,0.2948203682899475,0.2903740608692169,0.2975117039680481
0.1783294805418107,0.16055524706840515,0.191212260723114,0.16890869140625,0.19014538526535034,0.19243524193763733
0.3204506810843856,0.37733740091323853,0.31356251418590546,0.3740598213672638,0.3765991282463074,0.3179157280921936
0.1869027377108686,0.178189560174942,0.1900557041168213,0.17686453342437744,0.1946221077442169,0.1985315144062042
0.1825267944137706,0.19118913292884827,0.1732316267490387,0.1950880038738251,0.1790481448173523,0.19941088914871216
0.2412495462621554,0.29654671549797058,0.2357604217529297,0.23798118114471436,0.290275661945343,0.298956401348114
0.2564297040674015,0.24096017003059387,0.24915895700454712,0.2991123068332672,0.2921781313419342,0.240107479095459
0.219049825191525,0.2022179090976715,0.26218378841876984,0.26005732774734497,0.20858253240585327,0.26989392399787903
0.1855033146743595,0.17900935888290405,0.1737798261642456,0.19766212046146393,0.19463553190231323,0.19362101554870605
0.17834954053073,0.16914492011070251,0.16248086869716644,0.1997616124153137,0.1906877017021179,0.16036858677864075
0.1702448273885715,0.19911266028881073,0.1609996509552002,0.16944169759750366,0.1602954053878784,0.1694382584095001
0.1508706990428519,0.14717848539352417,0.1484168028831482,0.14958600759506226,0.19103280901908875,0.1431649684906006
0.3116596297499187,0.36898344039916992,0.3609919786453247,0.36315798699855804,0.3666606903076172,0.30955834865570068
0.2445026077985594,0.29217864751815796,0.23762483775615692,0.29532711923122406,0.29242169737815857,0.23180250823497772
0.2038844735685764,0.20622987747192383,0.20021758139133453,0.25181072413921356,0.25673131942749023,0.258491171002388
0.2068519190722732,0.20234220683574677,0.204663867354393,0.20391544699668884,0.2588853406906128,0.2588858997821808
0.2416550446095943,0.299625626206398,0.29543638825416565,0.23426516771316528,0.23004735469818115,0.2320212936401367
0.2289522954358748,0.210411234498024,0.27008885979652405,0.2710620963573456,0.21761976957321167,0.27839379727840424
0.1425935655197447,0.1936605340242386,0.1927892589569092,0.1982401579618454,0.13327718019485474,0.1905013644695282
0.261498672219781,0.29899433851242065,0.29399741291999817,0.29619408667087555,0.25420874118804932,0.25516209065914154
0.1906959860917409,0.18512473583221436,0.18895107507705688,0.19197218120098114,0.1844338220357895,0.18328315138816833
0.1609880977399079,0.15203596591949463,0.15974025666713715,0.1566725343465805,0.1996909785270691,0.1560450315475464
0.1437580001146284,0.19067865192890167,0.13424873173236847,0.19234927117824554,0.19984395384788513,0.1944895541667938
0.291484057084997,0.29633933186531067,0.28859112918376923,0.2873416030406952,0.29387885451316833,0.29608168363571167
0.2126468677760158,0.2086997127532959,0.2655569815635681,0.2698263657093048,0.2058567154407501,0.2665841281414032
0.2271602697590891,0.277041255235672,0.27273098707199097,0.21062307953834534,0.21139745116233826,0.21462286829948425
0.2683983531704334,0.29637977361679077,0.2970190930366516,0.29087847769260406,0.2910808312892914,0.29343655347824097
0.2599220526144852,0.29501709520816803,0.2950511795282364,0.2477717250585556,0.24948171079158783,0.2931653356552124
0.2283786752765412,0.21261107206344604,0.27224514722824097,0.27817228734493256,0.27075501441955566,0.2774171578884125
0.1968343427010297,0.1974610996246338,0.1962290120124817,0.19912177562713623,0.1809577810764313,0.1827579081058502
0.1492023766310681,0.19341735661029816,0.19837032198905945,0.1354944312572479,0.1353649568557739,0.1944480001926422
0.2099000821504307,0.25664273023605347,0.2572564911842346,0.25184877276420593,0.2070218503475189,0.25212777972221375
0.3690335861528762,0.35708744049072266,0.35358713030815125,0.35920154094696045,0.39695525884628296,0.39482284665107727
0.1814775902875774,0.1720134651660919,0.1919146513938904,0.19351742148399353,0.1932391893863678,0.1969653117656708
0.32810643256978,0.37805055558681488,0.3744085705280304,0.3715344166755676,0.3132388114929199,0.37204981446266174
0.2207582675811473,0.21551165223121643,0.27299625873565674,0.21399362564086914,0.21974796295166016,0.2112434768676758
0.3572550293257933,0.34367196679115295,0.3918988859653473,0.39860366225242615,0.3478294110298157,0.34269803404808044
0.3357937068949047,0.32965882301330566,0.3800745964050293,0.32037628650665283,0.38698369204998016,0.38624179244041443
0.2832981487495939,0.29889057993888855,0.2906279957294464,0.2999125409126282,0.27480499029159546,0.2952589988708496
0.3502937355520317,0.34811548948287964,0.39558561086654663,0.3901417398452759,0.39514706313610077,0.34846841394901276
0.3400163345624056,0.3379361391067505,0.39729276657104492,0.3926294195652008,0.3365906357765198,0.39142565965652466
0.3482485719198364,0.3370200562477112,0.33377419471740723,0.33507567286491394,0.3916820466518402,0.3354749321937561
0.4198178361958618,0.4604892075061798,0.4028713870048523,0.4099537420272827,0.4626817286014557,0.4643912172317505
0.3227738188487476,0.3790390479564667,0.31438982605934143,0.3194807016849518,0.3739399003982544,0.3749755573272705
0.4072550293257933,0.45166497826576233,0.40431082367897034,0.4064117336273193,0.4033653175830841,0.40262154817581177
0.4394828343809104,0.42778950929641724,0.42002280712127686,0.4284154999256134,0.4263129258155823,0.4822188091278076
0.6969212693196798,0.6814865481853485,0.6924472665786743,0.6890229296684265,0.6876088881492615,0.6919371008872986
0.6521817626043596,0.69233675956726074,0.6497098231315613,0.64015313148498535,0.6945439910888672,0.69186241149902344
0.4920113482223028,0.49954938292503357,0.4914062702655792,0.4993067693710327,0.48104737877845764,0.4867050313949585
0.536175801921938,0.5264547777175903,0.5236826634407043,0.58948702931404114,0.58428563833236694,0.5819609522819519
0.6774200943774715,0.6679534387588501,0.663767648935318,0.69251301646232605,0.6983955419063568,0.6977400541305542
0.4189652866667939,0.4042261338233948,0.4608571124076843,0.4631461000442505,0.4603796339035034,0.4089436769485474
0.5604082685363849,0.5987655401229858,0.55086289525032043,0.5565293860435486,0.5517254638671875,0.5520508027076721
0.4494263798406663,0.49703577876091003,0.49994722723960876,0.434347927570343,0.4987868905067444,0.4347427785396576
0.4032654796247826,0.4078096628189087,0.4035354244709015,0.4552401375770569,0.4000017738342285,0.4578789734840393
0.5790201173031733,0.56446382999420166,0.5672140073776245,0.5909392845630646,0.56877403378486633,0.5903837180137634
0.3652947863133561,0.39285242557525635,0.3952540159225464,0.3541860103607178,0.391411372423172,0.3533369207382202
0.5062090441892899,0.5523712086677551,0.55843841314315796,0.5553278136253357,0.5588560712337494,0.55898080468177795
0.2974070076227957,0.29042470812797546,0.28866751194000244,0.29256653904914856,0.29169713616371155,0.2996745228767395
0.4576170643639073,0.4949952816963196,0.445167418718338,0.4996811580657959,0.49812084794044495,0.49590224504470825
0.3883941750443769,0.3971392869949341,0.39757853388786316,0.3773170304298401,0.37209664583206177,0.3795269560813904
0.3900583650153792,0.3936344861984253,0.38670843720436096,0.3960343599319458,0.3968561124801636,0.3902860164642334
0.3827355138222876,0.37538751006126404,0.37523195266723633,0.37189929962158203,0.398259744644165,0.39799519538879395
0.4931905889994841,0.48915693521499634,0.4907634711265564,0.48268921971321106,0.49021342873573303,0.49279608249664307
0.567391532774201,0.5915065062046051,0.59070881605148315,0.55672606468200684,0.5526592659950256,0.5987333798408508
0.5414692509026995,0.5310137271881104,0.5315183091163635,0.5907094883918762,0.5929926228523254,0.5993246221542358
0.5593785224385304,0.5408374953269958,0.590379695892334,0.5989936923980713,0.541855902671814,0.5923789620399475
0.6328802323137763,0.682484884262085,0.6896945309638977,0.6829700803756714,0.6202887225151062,0.62470320224761963
1.0,0.0049746370315552,0.0044929385185242,0.00291139483451843,0.0057378304004669,0.0009686851501465
0.6205629214985766,0.61211342096328735,0.6783404469490051,0.6129626989364624,0.6747463726997375,0.6723327338695526
0.521478516707105,0.5124133896827698,0.5160936713218689,0.5199981641769409,0.51239930152893066,0.5139004755020142
0.5202247673996523,0.5154988753795624,0.5137799572944641,0.51603378772735596,0.5164172697067261,0.51648733615875244
0.6305633035936036,0.6271704292297363,0.6226818537712097,0.6805719304084778,0.6207461106777191,0.68654717206954956
0.5200537798750549,0.5709938502311707,0.5169197034835815,0.5158450102806091,0.57643752932548523,0.5105349230766296
0.6578916951645875,0.6960570096969604,0.6904611325263977,0.6448002278804779,0.6422948789596558,0.6957352209091187
0.5646633742811837,0.59539565443992615,0.5940720462799072,0.5951416158676147,0.5941282677650452,0.5561283302307129
0.4962511701660202,0.49727234840393066,0.48321281909942627,0.4895851826667786,0.4933783912658691,0.48617653608322144
0.6361332938501805,0.6291015315055847,0.6236492872238159,0.6855982184410095,0.62987696528434753,0.6215379548072815
0.6312718603982732,0.6267333650588989,0.6854271864891052,0.6212933135032654,0.6251138091087341,0.6271233284473419
0.7032358672601875,0.7075889754295349,0.7536757731437683,0.7574224901199341,0.751859313249588,0.70372077465057373
0.5661783810633705,0.5518230414390564,0.5917711925506592,0.59984492540359497,0.59127769231796265,0.59914411306381226
0.8470951225569798,0.8925981879234314,0.89471612572669983,0.8909897005558014,0.89873101115226746,0.8387488126754761
0.3218295665131918,0.31203284978866577,0.3702309322357178,0.31292741894721985,0.3115340399742126,0.3786177623271942
0.3269730431958428,0.3130857443809509,0.377353333234787,0.3733770632743835,0.3751068139076233,0.3795884597301483
0.5255573811206846,0.5749444532394409,0.5783718013763428,0.5769856035709381,0.5717935311794281,0.5768423807621002
0.7880084251953461,0.7719841599464417,0.798950332403183,0.7963373804092407,0.79356523871421814,0.77772759914398193
0.4403755038878168,0.49381768703460693,0.43864771485328674,0.49981473565101624,0.4910018682479858,0.4966192603111267
0.4934494583802991,0.496551878452301,0.48993048906326294,0.4919107866287231,0.4869282674789429,0.4896796143054962
0.5893151901877998,0.5785214614868164,0.5707335102558136,0.5975381278991699,0.5948819184303284,0.5944053065776825
0.6881177998968344,0.672449734210968,0.6950916004180908,0.6729618453979492,0.6963600754737854,0.6974394702911377
0.8436209235236802,0.8959141087532043,0.8327003526687622,0.895640606880188,0.8307956075668335,0.8904109239578247
0.6173877118239306,0.6600477480888367,0.6057558155059814,0.60151282787323,0.6045729660987854,0.6030004692077637
0.6490820166975526,0.6317769551277161,0.697557532787323,0.6939608073234558,0.6904544472694397,0.69777350187301636
0.7260235370536652,0.7125820255279541,0.714419994354248,0.71352259397506714,0.71335505723953247,0.7749096214771271
0.5545746327111551,0.5963847017288208,0.59587560534477234,0.5466033637523651,0.5943383014202118,0.5900620114803314
0.6262293907494794,0.6184572207927704,0.61536534667015076,0.67729806542396545,0.6137677490711212,0.6138390827178955
0.2179828248285348,0.2652108073234558,0.2602475392818451,0.26382317423820496,0.2037469816207886,0.26864917278289795
0.5228679097491546,0.518161803483963,0.5128673243522644,0.51565603852272034,0.57889153599739075,0.5757351231575012
0.3884640735150832,0.3953910005092621,0.3901525664329529,0.3715896201133728,0.37425808668136597,0.39156326055526733
0.6044260932693961,0.6525522327423096,0.60016658186912537,0.65006537675857544,0.65552656590938568,0.6555558466911316
0.3642745925911774,0.3549977385997772,0.35332751989364624,0.39274673521518707,0.3956715965270996,0.3598269820213318
0.1927129702156926,0.18532613158226013,0.18801991760730743,0.1997027611732483,0.1884771966934204,0.18701558113098145
0.2060313700017193,0.25273244619369507,0.2595024609565735,0.20254289627075195,0.20297860860824585,0.20384690046310425
0.2698178361958619,0.29958826422691345,0.2970802402496338,0.29723623752593994,0.29426435947418213,0.291887059211731
0.5607211088397683,0.591460782289505,0.5509651982784271,0.55379703640937805,0.5913071894645691,0.5953254973888397
0.2132911755153506,0.2076237618923187,0.20306466579437256,0.20052615761756897,0.26890135765075684,0.2021908450126648
0.4578678142253977,0.4922268831729889,0.44802154541015625,0.4997090709209442,0.4962005543708801,0.4980233758687973
0.6190488699539576,0.6063918077945709,0.66862465739250183,0.66229081869125366,0.6032081127166748,0.6603239119052887
0.2500702099612172,0.2463048756122589,0.29536182045936584,0.2425690531730652,0.24199212670326233,0.29839845299720764
0.4660976634889096,0.4573456597328186,0.4531908965110779,0.49618415534496307,0.45610506653785706,0.49846691846847534
0.5074981372867431,0.5013053548336029,0.50529582500457764,0.5061431574821472,0.5514329957962036,0.555713449716568
0.2028695336530194,0.2066853791475296,0.2046424877643585,0.2593611419200897,0.25982362508773804,0.2052408790588379
0.4765407981965114,0.4946443486213684,0.46393606901168823,0.4903256571292877,0.4940955114364624,0.49390235662460327
0.4547136197772385,0.4457632732391357,0.4976795816421509,0.44036259174346924,0.44435681223869324,0.49529235064983368
0.6256338001260915,0.67079933762550354,0.6130254089832306,0.67527703881263733,0.61459981262683868,0.6127926743030548
0.4605448675085493,0.4548530912399292,0.49179141759872437,0.45340276837348938,0.49132198095321655,0.4532542049884796
0.3217039527730546,0.3105332040786743,0.37610953450202942,0.31512829303741455,0.37219586730003357,0.3727915048599243
0.2645387157786141,0.257842572927475,0.291043598651886,0.2964949917793274,0.2941434383392334,0.2990295720100403
0.3122876984506046,0.3072394609451294,0.3600492572784424,0.30536959052085876,0.3014177072048187,0.3668814945220947
0.2938052843742239,0.2972066628932953,0.29077213406562805,0.2836014473438263,0.291584460735321,0.2848415112495422
0.4836611390252754,0.49754557728767395,0.4782611811161041,0.4783282709121704,0.497816104888916,0.49230077743530273
0.3796348485741055,0.3682160806655884,0.3977871799468994,0.362965087890625,0.3694940447807312,0.3640337610244751
0.698907208222685,0.6968875503540039,0.6903985786437988,0.6887797522544861,0.6915315067768097,0.688467276096344
0.5683639646180003,0.5900044059753418,0.5578070592880249,0.59134596705436707,0.55881160020828247,0.5599741196632385
0.448709951664979,0.49877742052078247,0.4315124022960663,0.43511050939559937,0.49476192116737366,0.49489791989326477
0.4430315419444815,0.4371619164943695,0.4953843402862549,0.4325801718235016,0.4393531084060669,0.43318657398223877
0.6823037464417401,0.6968739056587219,0.6908113181591034,0.67463706731796265,0.6789895510673523,0.675150625705719
0.6247725600445158,0.67565033078193665,0.6724284875392914,0.677280330657959,0.6108906650543213,0.61458898186683655
0.3408282864948512,0.3999451994895935,0.33014961063861847,0.3904186487197876,0.33509753346443176,0.3344518256187439
0.2285334237624897,0.2719453477859497,0.2173121213912964,0.21074715971946716,0.27623836755752563,0.2750169014930725
0.2833912844124334,0.27679022192955017,0.2947285985946655,0.27479164361953735,0.27968884229660034,0.2957656800746918
0.3972489158053607,0.3860925018787384,0.3856138586997986,0.398117253780365,0.39863372683525085,0.3821695399284363
0.4294571384903425,0.4704392421245575,0.41703211188316345,0.4751823890209198,0.4179406809806824,0.4139080274105072
0.5722766176948206,0.56634647011756897,0.5911873698234558,0.599292356967926,0.5636229681968689,0.56926198720932007
0.3746589801883728,0.3648545563220978,0.3633066499233246,0.39271804213523865,0.3683428156375885,0.3690407061576843
0.3721944672640085,0.3662462019920349,0.360443799495697,0.361975359916687,0.3607084822654724,0.3902240324020386
0.3152112030261926,0.36019317150115967,0.3682861387729645,0.30648969411849976,0.3047419023513794,0.30833184599876404
0.3132185774602143,0.3626331949234009,0.36723671078681946,0.3011535918712616,0.30035128116607666,0.36066449642181396
0.4292016457632547,0.419531192779541,0.47919652342796326,0.472515766620636,0.4796168649196625,0.47488335371017456
0.5303393003840056,0.5893345284461975,0.5840164244174957,0.5853271412849426,0.58480860233306885,0.5819332885742188
0.4348733354985384,0.4289620888233185,0.423906592130661,0.4283198606967926,0.4869324374198914,0.4875362551212311
0.674479873144451,0.66585842847824097,0.6976304364204407,0.6643043577671051,0.69035282373428345,0.66945165157318115
0.6449028523393767,0.63892274498939514,0.69041340470314026,0.6944788062572479,0.69332518100738525,0.6350099420547485
0.6366811225951894,0.68153252124786377,0.62057692766189575,0.6817454266548157,0.6240297412872314,0.62823004364967346
0.4352530974732226,0.48067299008369446,0.48157564640045166,0.4218260288238525,0.48428948163986206,0.42282944083213806
0.4995816059453986,0.4979643487930298,0.4866008234024048,0.4897646975517273,0.48698619961738586,0.4853184080123901
0.6322478650440364,0.62964139699935913,0.62584455966949463,0.6882373380661011,0.6898286509513855,0.6221240162849426
0.4486230250463289,0.49063204288482666,0.4322113811969757,0.4305011773109436,0.4942247533798218,0.4943077003955841
0.6249379095581071,0.6787511777877808,0.6778688383102417,0.67998738050460815,0.6730065584182739,0.6725593543052673
0.795825611829662,0.7811409640312195,0.7892519176006317,0.7968112540245056,0.7983010816574097,0.7981519341468811
0.4620574861968171,0.497839435338974,0.45326656699180603,0.4935228896141052,0.4528320479393005,0.4921328115463257
0.2528805188850466,0.29560800433158875,0.29541298270225525,0.248289487361908,0.2928016531467438,0.2418883275985718
0.803285539613702,0.85500638008117676,0.8005113172531128,0.8095936560630798,0.8514568901062012,0.85550123929977417
0.6603170433486807,0.6561358892917633,0.69718923330307007,0.6906378185749054,0.69135446548461914,0.6596121656894684
0.6875355825993925,0.6958653950691223,0.6978400492668152,0.6976563167572021,0.69502249240875244,0.6730333638191223
0.7011047322469097,0.7052179956436157,0.7524618339538574,0.75668262243270874,0.757659056186676,0.7592207431793213
0.6346851536977247,0.6803105807304382,0.6241268253326416,0.6892953109741211,0.62624589443206787,0.6257565402984619
0.4068800985805169,0.45394437074661255,0.4528932011127472,0.45182806849479675,0.4510684537887573,0.45149078130722046
0.4145759700437498,0.46877143263816833,0.46335471391677856,0.40698464035987854,0.46242071986198425,0.46523678183555603
0.36211957663871,0.39639800667762756,0.39667829990386963,0.3956732988357544,0.3978103256225586,0.3915836215019226
0.6484697094167318,0.63696940898895264,0.634113484621048,0.69624000906944275,0.6389576208591461,0.6387158405780792
0.6881053818084557,0.6962973213195801,0.6739069962501526,0.6762496542930603,0.6764482831954956,0.6755486011505127
0.5957042966585788,0.5897493433952332,0.59655629992485046,0.5949747574329376,0.5912417483329773,0.5858871352672577
0.5625618516325008,0.5545432388782501,0.5507097280025482,0.5587080955505371,0.5935892379283905,0.59710312128067017
0.5797112316833195,0.59385345578193665,0.5688294804096222,0.56255252480506897,0.5902536725997925,0.5654463267326355
0.5269362665494908,0.5747477161884308,0.5189687979221344,0.5102927541732788,0.5167885160446167,0.51043667674064636
0.5450419296850357,0.59285162925720215,0.59403759241104126,0.53314831018447876,0.5960352408885956,0.59498804330825806
0.4477647440918555,0.4948251986503601,0.432311692237854,0.43873292088508606,0.43777647852897644,0.49516576051712036
0.4383422807252162,0.48475828528404236,0.48412591218948364,0.4850006902217865,0.429781813621521,0.48268598675727844
0.3665891332174312,0.39113309383392334,0.35307520151138306,0.350807124376297,0.35540453910827637,0.351177225112915
0.4751184494583801,0.46463478446006775,0.49353578209877014,0.4682073652744293,0.46705426573753357,0.49968151807785034
0.5270446860134115,0.57999473810195923,0.57934215784072876,0.51699448108673096,0.5134411692619324,0.5169211196899414
0.4703366511112073,0.4999762296676636,0.49422423362731934,0.46931883335113525,0.4647963345050812,0.467475129365921
0.7571609384253863,0.74708892464637756,0.74435449481010437,0.7432520091533661,0.79902445673942566,0.7460314154624939
0.6507689662419043,0.6418866240978241,0.6417340564727783,0.64185860991477966,0.6980982446670532,0.69304797649383545
0.5839711136159562,0.5716282784938812,0.59359076142311096,0.5710929870605469,0.57499295711517334,0.575475834608078
0.4164845347037808,0.4021832048892975,0.4054803955554962,0.4655639696121216,0.4607280170917511,0.4682323795557022
0.5925448484037978,0.5892456829547882,0.5900042414665222,0.5914047694206238,0.5908025372028351,0.5981398355960846
0.6116763464073516,0.6095210361480713,0.6060623240470886,0.6670564079284668,0.6678124940395355,0.6674342226982117
0.5730556139311846,0.56921006321907043,0.56593815445899963,0.56657504200935364,0.5669052481651306,0.56923136472702026
0.3654944309649809,0.3969251263141632,0.39580905318260193,0.3905254137516022,0.35476325154304504,0.3928478479385376
0.3433768603251628,0.3334782600402832,0.39829654455184937,0.3925345766544342,0.3300429630279541,0.33707916736602783
0.7076514529163402,0.7000448036193848,0.7534682965278625,0.75037553787231445,0.70524527430534363,0.75544368982315063
0.4982823075250712,0.4893682599067688,0.49224215507507324,0.49077929496765137,0.4963671624660492,0.49086341857910156
0.6773589591731464,0.66526430010795593,0.6681117069721222,0.66534775972366333,0.66750072717666626,0.6942605173587799
0.4112823109107235,0.4083767235279083,0.4667573070526123,0.4620081901550293,0.4608438503742218,0.4689764094352722
0.58450631848826,0.5789108443260193,0.57118171095848083,0.59517831087112427,0.59485626697540283,0.5919516563415527
0.624651338287832,0.613893027305603,0.67814395904541016,0.61544191122055054,0.6140977001190186,0.674042603969574
0.57257130848442,0.5627979254722595,0.5618094038963318,0.59730762481689453,0.5607032012939453,0.560251544713974
0.5855974055747664,0.5971978521347046,0.5768696701526642,0.59697880506515503,0.5791931962966919,0.5749209523200989
0.5007226372198765,0.5567779636383057,0.5583372485637665,0.5515193474292755,0.5585572052001953,0.55253769755363464
0.5216944003973789,0.5184906125068665,0.57332737922668457,0.57630942583084106,0.57297426640987396,0.570063157081604
0.4723888581090116,0.4951047396659851,0.49256187200546265,0.4623629093170166,0.4977877879142761,0.4647435712814331
0.3641948302542842,0.35806618213653564,0.3500868773460388,0.3552716088294983,0.3543902921676636,0.3927637827396393
0.334894828343809,0.3283983266353607,0.3821863341331482,0.3853354585170746,0.3891004407405853,0.32923628091812134
0.3223296333798215,0.3196513247489929,0.37521226167678833,0.37286306500434875,0.37142688035964966,0.315405797958374
0.726857937068949,0.7133810293674469,0.7137589132785797,0.7180191147327423,0.71482436537742615,0.7707825016975403
0.4019147737042202,0.45339717984199524,0.4045978569984436,0.4574107885360718,0.40901360630989075,0.4583509922027588
0.2842070572951493,0.27199108362197876,0.2917819023132324,0.27061744809150696,0.2742791497707367,0.2962978410720825
0.5011252698546127,0.5030242121219635,0.55780571818351746,0.55487897276878357,0.5516235864162445,0.558443341255188
0.4337915289532506,0.4857604742050171,0.4227443587779999,0.42235924243927,0.4822053849697113,0.4222356915473938
0.3926589992931241,0.39120412826538086,0.38406357169151306,0.39264391779899597,0.38960204243659973,0.395695264339447
0.3976491603461781,0.3906764268875122,0.3993956422805786,0.3877510893344879,0.38383531510829926,0.38122334718704224
0.4530085207191027,0.4480193555355072,0.49549878001213074,0.49242215394973755,0.4952668070793152,0.4938094699382782
0.3769238484611122,0.36439807295799255,0.36226550459861755,0.3690336149930954,0.39319300532341003,0.36883826971054077
0.3590742792732552,0.3972886562347412,0.34964871168136597,0.3492172944545746,0.3987828576564789,0.3479199600219727
0.3363276846951836,0.325054714679718,0.3201924180984497,0.32887407660484314,0.3818845105171204,0.3803484582901001
0.54304396003286,0.5383020746707916,0.5965575897693634,0.532426255941391,0.53709471821784973,0.53830618023872375
0.3189480241593226,0.36322094202041626,0.30169614911079407,0.3632957100868225,0.3619126510620117,0.30952338099479675
0.8381997536610886,0.8831561064720154,0.88019238352775574,0.8883294880390167,0.8292639493942261,0.8299208164215088
0.6066995586802437,0.65906352043151855,0.6035938608646393,0.6576420593261719,0.6558764719963074,0.6046403551101685
0.453933668303307,0.49206165313720703,0.4938466238975525,0.44261557936668396,0.4909478044509888,0.4414007329940796
0.612529851173987,0.6001308441162109,0.6040513205528259,0.6644831848144531,0.6600417995452881,0.60679836988449097
0.6170509905813575,0.6640972566604614,0.6049508929252625,0.6661419177055359,0.6011640155315399,0.60651573181152344
0.6132844888523774,0.6035121154785156,0.6016387188434601,0.6604710590839386,0.66079661905765533,0.6047267121076584
0.5205352196091169,0.5783200335502625,0.5113245987892151,0.5778349804878235,0.51769426465034485,0.5779292070865631
0.394011138070038,0.38887449860572815,0.3810487937927246,0.39878721356391907,0.3933859431743622,0.3998109436035156
0.2719279559826528,0.2640203046798706,0.29904624700546265,0.2693023991584778,0.26250884652137756,0.26642453789711
0.2421135586420342,0.23241816461086273,0.2347524094581604,0.2319408905506134,0.2942926490306854,0.29404266715049744
0.2278547274707219,0.2164130747318268,0.21475438833236694,0.2780879259109497,0.21418001413345337,0.27101286590099335
0.5116558087996483,0.50748082637786865,0.50110241174697876,0.50690717577934265,0.5684313279390335,0.5694921946525574
0.2669425711174368,0.25291379928588867,0.2986308717727661,0.25448868095874786,0.2992754769325256,0.25134002685546875
0.4086921842462219,0.45602179884910583,0.4519071125984192,0.454566912651062,0.45637144327163696,0.40143070578575134
0.2706231014653344,0.29038421273231506,0.2977518963813782,0.2939617991447449,0.29147496223449707,0.2614519953727722
0.522021569264276,0.51441949129104614,0.5116700792312622,0.5713539469242096,0.5128242838382721,0.5786283230781555
0.4258162505014997,0.4124945616722107,0.41992669463157654,0.41339680552482605,0.4179718565940857,0.4168075168132782
0.4973196033853618,0.490255970954895,0.49559040665626526,0.4923488938808441,0.49879377126693726,0.49749923706054688
0.5267681447375963,0.51273342728614807,0.57420848965644836,0.57442240595817566,0.51319174349308014,0.51577662765979767
0.4139603194314425,0.4096634376049042,0.4687854480743408,0.40546586275100708,0.40391625046730042,0.469050977230072
0.2956307433658751,0.29562740445137024,0.2834136962890625,0.28825444281101227,0.2904695677757263,0.29476537227630615
0.2974624114017156,0.29430335402488708,0.29259063065052032,0.2985032093524933,0.28809489727020264,0.29777155578136444
0.2574212406625528,0.290663640499115,0.29692729473114014,0.2489474153518677,0.2914605438709259,0.29058709740638733
0.3928158873315555,0.3932064747810364,0.3930659568309784,0.38450641989707947,0.3801498758792877,0.394794562458992
0.3102329824427335,0.36454063415527344,0.36584203124046326,0.30421910524368286,0.36066538453102112,0.3619726538658142
0.3431241999885371,0.3922437000274658,0.39601017475128174,0.33143174409866333,0.33800482153892517,0.3942833411693573
0.3159806468868807,0.3667739689350128,0.30557666301727295,0.3671916925907135,0.30906638622283936,0.3631282901763916
0.1617795120646504,0.1540090608596802,0.156174875497818,0.1533339309692383,0.1576791036128998,0.15187198519706726
0.6294939151366945,0.6179715573787689,0.67121798515319824,0.61087960958480835,0.61352487921714783,0.67667426347732544
0.2745023212272892,0.2973587930202484,0.2987772834300995,0.29741711378097534,0.29675163984298706,0.2971510410308838
0.561218787612479,0.5513384687900543,0.55235318541526794,0.59407302618026733,0.553771288394928,0.59199975848197937
0.3072755669334964,0.35589730739593506,0.3535703504085541,0.3593211531639099,0.30586349606513977,0.30403077363967896
0.3239430296314693,0.31927147686481476,0.3767759644985199,0.37782912850379944,0.37855103969573975,0.31873752117156982
0.305159238102516,0.35937966883182526,0.30548783779144287,0.30234641313552856,0.30324312448501587,0.35226771354675293
0.2952902283896684,0.2803974759578705,0.29071513652801514,0.29894069850444794,0.2943940955400467,0.29105566024780273
0.2808541734329328,0.2974410480260849,0.2992579686641693,0.27328440070152283,0.29007350087165833,0.2757869613170624
0.1239172382171445,0.1157276952266693,0.1137518674135208,0.17420629024505615,0.1743033802509308,0.17229257583618164
0.0490738971782281,0.03645853459835052,0.0993705004453659,0.092802095413208,0.03854520201683044,0.037996364235878
0.4045794088989932,0.4512568974494934,0.40175108909606934,0.4521158182621002,0.4513562661409378,0.45889150023460388
0.4313508969680759,0.48868181705474854,0.48851190209388733,0.48063920319080353,0.4824490863084793,0.4803781282901764
0.3306903501900922,0.3201879930496216,0.38838735342025757,0.32044177532196045,0.32101587057113647,0.32018234312534332
0.1813766883824006,0.17727463901042938,0.1954093062877655,0.19412478148937225,0.17117518723011017,0.17100921630859375
0.1510025218271783,0.14508475482463837,0.19904151439666748,0.19952533066272736,0.19568801045417786,0.1428477555513382
0.111478134612078,0.10381157398223877,0.10672272145748138,0.1066242814064026,0.1050222682952881,0.1615345001220703
0.1782478077297823,0.16292899549007416,0.16705095171928406,0.1997174668312073,0.16276400566101074,0.1914865708351135
0.2966141604417018,0.28329381346702576,0.2946236729621887,0.295407075881958,0.28913600385189056,0.2848025494813919
0.2621807118430353,0.29838319778442383,0.2529606032371521,0.29744259238243103,0.29527456402778625,0.29390969038009644
0.2749899700055403,0.29646752536296844,0.26292232513427734,0.26971483647823334,0.29019269466400146,0.26824360251426697
0.2781675677741054,0.29770694315433502,0.29375336825847626,0.29911879539489746,0.26106377601623535,0.2633501708507538
0.2164138471237797,0.20206580877304077,0.26258246302604675,0.20525142073631287,0.26250362515449524,0.20361283779144287
0.3386867175523952,0.3244331657886505,0.389118310213089,0.3898435890674591,0.38062971472740173,0.3208962094783783
0.2687761496284126,0.29528876185417175,0.2551491975784302,0.2575309896469116,0.29334303975105286,0.25491326689720154
0.3719489712091396,0.39772810220718384,0.39877516746520996,0.3983917021751404,0.3908752489089966,0.3966577696800232
0.3849850982939456,0.37376808881759644,0.37866455078125,0.37524460434913635,0.3914699822664261,0.3771839702129364
0.4083535525285137,0.4008936071395874,0.4055338656902313,0.40808489739894867,0.4589684844017029,0.45290668845176697
0.384594883747588,0.37038427233695984,0.3926763677597046,0.37579839825630188,0.37025169849395752,0.39479514122009277
0.2037660241101961,0.2573034954071045,0.25302674293518066,0.25806975662708282,0.25802458465099335,0.2548842066526413
0.3416345070018913,0.39045835435390472,0.39058846056461334,0.339636549949646,0.39741552472114563,0.33982393980026245
0.1791132529660126,0.19927783846855164,0.1693167722225189,0.1629746413230896,0.16027501583099365,0.1657283544540405
0.2632873545650803,0.29885420322418213,0.29888134121894836,0.29310478568077087,0.29471588015556335,0.29417629301548004
0.2375274630800679,0.2229393434524536,0.22872877657413483,0.28996459364891052,0.22826091825962067,0.2233080303668976
0.234097682593661,0.2883066928386688,0.22972539484500885,0.2857375204563141,0.2233360433578491,0.22181722104549408
0.2558436658196893,0.2442930018901825,0.29100649237632751,0.24010971188545227,0.2481681191921234,0.29228020906448364
0.2093713581567735,0.20797656178474426,0.25989567697048187,0.2061753797531128,0.25649925470352173,0.25372246980667114
0.3425959536136636,0.39618486642837524,0.3384687280654907,0.39857813358306885,0.39444647669792175,0.3357480573654175
0.2275695890567984,0.21554598689079285,0.2133447575569153,0.21063557744026184,0.2150162422657013,0.2121360778808594
0.3562252832279387,0.3426335835456848,0.34554967164993286,0.34735482931137085,0.3414327907562256,0.34896909832954407
0.3248786848289169,0.3728243589401245,0.3155003488063812,0.3780526578426361,0.31803231418132782,0.3191332322359085
0.2856652274420648,0.2932858383655548,0.27789113879203796,0.27015362322330475,0.2971650505065918,0.2705552327632904
0.4771058212177367,0.4932655203342438,0.46947641670703888,0.49881753504276276,0.4621271562576294,0.49613384544849396
0.1052098656935979,0.15450887739658356,0.10031444191932678,0.15327283203601837,0.15244259476661682,0.1095176202058792
0.072876029268479,0.09241007506847382,0.09520575106143951,0.0617974829673767,0.09166827499866486,0.0602643495798111
0.001585216743404,0.00036383390426636,0.00274660408496857,0.05979170382022858,0.0511867368221283,0.00541132748126984
0.0759748199377184,0.0634409523010254,0.0915452641248703,0.06137396574020386,0.09872285604476929,0.0945955741405487
0.1375465678314196,0.1287289708852768,0.1845319002866745,0.18176298141479492,0.18351398169994354,0.12499563813209534
0.1945169363620732,0.1847354531288147,0.19761979341506958,0.19609302014112473,0.19561352491378784,0.1819985854625702
0.0,0.00068274438381195,0.008537979722023,0.00145357072353363,0.0080236291885376,0.0033102250099182
0.1026612918632863,0.10332146525382996,0.10402507364749908,0.15562885165214539,0.15394859373569489,0.1524618524312973
0.0664181456928337,0.05217347025871277,0.09921619653701782,0.09304595470428467,0.09584974110126495,0.0997358512878418
0.3312400894102362,0.387921724319458,0.3840661871433258,0.32457161962985992,0.3204095220565796,0.3891900599002838
0.2406625527768756,0.2368925255537033,0.29345127701759338,0.29691119253635406,0.23410594999790192,0.23807301998138428
0.1412041724776952,0.19895075380802155,0.19369042456150055,0.1931278908252716,0.13789506614208221,0.19679871201515198
0.2153468467607893,0.2684600257873535,0.20644185185432434,0.2665878713130951,0.266758514046669,0.20243911862373352
0.2533223162600538,0.24326808094978333,0.2966890949010849,0.29085656225681305,0.29704642355442047,0.2992010474205017
0.236013225074671,0.2210898345708847,0.22713818609714508,0.28584461212158203,0.2846836853027344,0.2221335905790329
0.1912352176986416,0.1822165060043335,0.19461854994297028,0.1984317433834076,0.19558875918388367,0.19327762246131897
0.1646700609441568,0.15379034221172333,0.1539512312412262,0.1901454162597656,0.19047287464141846,0.19822177410125732
0.5034063771660011,0.55916924476623535,0.5041339123249054,0.55014567494392395,0.55545129597187042,0.5538599908351898
0.2269888046157079,0.2151093101501465,0.27818302154541016,0.27545804619789124,0.2181827163696289,0.21400305092334747
0.3344501652560991,0.3882457160949707,0.3236707127094269,0.32912582993507385,0.32568872690200806,0.32469455122947693
0.1439452266778748,0.19428355157375336,0.13013482689857483,0.13238431692123413,0.197790070772171,0.1980523109436035
0.4323706130714708,0.48877092123031616,0.42560757517814636,0.42095359683036804,0.48396100878715515,0.42739548981189728
0.1058302924937431,0.10782704770565033,0.15034846901893616,0.1525502943992615,0.1005386108160019,0.15606882750988007
0.2734888141680836,0.26193268358707428,0.29335382759571075,0.29086788177490234,0.29050691902637482,0.29020401239395142
0.2271932254551706,0.27325274884700775,0.27134108304977417,0.2757498586177826,0.21833056092262268,0.21383508801460266
0.216772488380056,0.2040695345401764,0.26244590282440186,0.20954549074172974,0.26491550743579865,0.20577587485313416
0.2033495405307299,0.2585908341407776,0.25253909051418304,0.25209511041641235,0.25556123971939087,0.2533892011642456
0.2989540148634965,0.28905983448028564,0.29324062764644623,0.297790886759758,0.298717976808548,0.28512030720710754
0.116394742372428,0.10770823299884796,0.10993730425834656,0.1694249790906906,0.16087232768535614,0.1694250375032425
0.1365894197887014,0.12812386393547058,0.18730350613594055,0.1226030147075653,0.12106215357780457,0.12525279998779297
0.3249885371491889,0.37541976511478424,0.31502013087272644,0.31601735591888428,0.37332935571670532,0.31911499738693237
0.1503295569608161,0.1923080611228943,0.14474241256713867,0.14287927567958832,0.1464574372768402,0.19989060282707214
0.1744555145864776,0.19591564059257507,0.19293738901615143,0.16973042607307434,0.1642968416213989,0.1698463475704193
0.2471567353800889,0.29931780755519867,0.2963416200876236,0.230989408493042,0.294885048866272,0.29985239267349243
0.270529965802495,0.2635152304172516,0.26126907110214233,0.2928205716609955,0.2636676812171936,0.2654324698448181
0.4037531284030337,0.40490849554538727,0.45964600801467896,0.40331382989883423,0.4506683671474457,0.40306383728981018
0.1327345585847199,0.18945604979991913,0.12749519765377045,0.1227497708797455,0.1253527569770813,0.12694918394088745
0.1975593680148252,0.19685422837734222,0.19230398654937744,0.1915161633491516,0.19652231574058533,0.19001899540424347
0.1315949601665934,0.18827179074287415,0.12440136432647705,0.18893662750720978,0.12109979689121246,0.12617382526397705
0.2124711040635806,0.2055507528781891,0.26844624638557434,0.20172586619853973,0.2668914133310318,0.20391201317310333
0.260573047016793,0.25781110227108002,0.2574354588985443,0.25148030996322632,0.25566674530506134,0.2926143705844879
0.2683138146457024,0.25524837613105774,0.25399690091609955,0.29226500809192657,0.250215762257576,0.25176657378673553
0.2628498557591273,0.25556555151939392,0.29857276022434235,0.25428603887557983,0.25560372292995453,0.25352759420871735
0.1558919053168522,0.14257389962673187,0.19658740282058716,0.19698647618293762,0.19460958778858185,0.1477886801958084
0.2045206617885867,0.2587646222114563,0.2060903513431549,0.2055247437953949,0.20495431125164032,0.25581569612026215
0.1447786714555909,0.1978297597169876,0.1373264580965042,0.19744686901569366,0.13519448280334473,0.1320248508453369
0.2656458361194428,0.2926558041572571,0.2953187882900238,0.29051509022712708,0.25603156328201294,0.29726864993572235
0.1639130351718472,0.19982400953769684,0.15016178488731384,0.15737208545207977,0.19228125274181366,0.1976180696487427
0.1582479987772959,0.1989080011844635,0.1441727614402771,0.19696592569351196,0.19026500642299652,0.1402762281894684
0.1705791605372256,0.16132699847221375,0.1627236747741699,0.1965752214193344,0.19308318853378296,0.19571895480155945
0.1664191009304013,0.15335301101207733,0.1554436993598938,0.19803242921829224,0.19151350855827332,0.19139376640319824
0.1971677206121162,0.18878896534442902,0.18286002218723297,0.18646245777606964,0.18846969544887543,0.18886582970619202
0.1721820491756299,0.16366421461105347,0.1913359785079956,0.1631014394760132,0.16663770079612732,0.1976724052429199
0.2313606502363321,0.28574304938316345,0.22129034578800201,0.22593597650527954,0.22935014724731445,0.2840095627307892
0.3198684637869438,0.3007823395729065,0.3057693123817444,0.30320845127105713,0.36165889263153076,0.36909358501434326
0.1716604894637296,0.1674639129638672,0.1967531204223633,0.19386179089546204,0.1618795847892761,0.19535046100616455
0.4584939724509485,0.4450760614871979,0.4419669842720032,0.44701938033103943,0.44691066026687622,0.4919218397140503
0.4797456202357525,0.46637999176979065,0.49739111304283142,0.46599051654338837,0.49861142873764038,0.4697117304801941
0.151679307643811,0.14200192391872406,0.1464077490568161,0.19244576334953308,0.1424674254655838,0.19404582619667053
0.2638543611767188,0.29836839199066162,0.299005286693573,0.2933666181564331,0.2554933440685272,0.25768573343753815
0.2039393997287125,0.2018140959739685,0.2500411379337311,0.20256537675857544,0.25762884080410004,0.203148717880249
0.3370063809869514,0.3214708638191223,0.3236078679561615,0.32487521171569824,0.32805869936943054,0.3852211081981659
0.2013316011692107,0.20046255230903625,0.20187933444976807,0.20041656732559204,0.2037185251712799,0.2520585286617279
0.2617427354182985,0.29789624214172363,0.29410853505134583,0.2572032880783081,0.29850114345550537,0.2945509648323059
0.2667180902890548,0.2597776234149933,0.2526052039861679,0.2546542298793793,0.29628126978874207,0.25703485012054443
0.1599256149252012,0.19793178260326385,0.1911619234085083,0.1481929385662079,0.148596887588501,0.1433343803882599
0.4252817950824369,0.4166874039173126,0.4750792098045349,0.4156629776954651,0.4148228943347931,0.47172690749168396
0.5529182507689663,0.59772117614746094,0.5497325658798218,0.54564038038253784,0.59345187425613403,0.54642658531665802
0.4735867260187609,0.46779006242752075,0.4697521770000458,0.4604398739337921,0.4951372528076172,0.4903923749923706
0.5062878512886155,0.5590638542175293,0.5085303318500519,0.50945844292640686,0.5585290390253067,0.50436707019805908
0.3460023307796648,0.3970821213722229,0.3355207860469818,0.330927916765213,0.3932793164253235,0.3935127902030945
0.293051124314617,0.28118380546569824,0.2984279406070709,0.2843388593196869,0.28023460388183594,0.28590200662612915
0.1764701106165103,0.16567290604114532,0.16845225989818573,0.16257297158241272,0.19747857451438904,0.16586175382137299
0.1830698469709416,0.19120192527770996,0.17866490602493286,0.19193589091300964,0.17673803865909576,0.1920616328716278
0.1587289608925739,0.14655769765377045,0.14479145228862762,0.1990402054786682,0.19855969607830048,0.19539525032043457
0.2785071547293812,0.2630958116054535,0.26971545159816742,0.26402183055877686,0.2699561083316803,0.2993816363811493
0.1690823032688229,0.19709737181663513,0.1929133069515228,0.1518882977962494,0.19081760108470917,0.19670260608196259
0.1706412509791184,0.1945823836326599,0.19543278336524963,0.16951847732067108,0.16166867971420288,0.19258753776550293
0.3388031828515751,0.38854369223117828,0.3244651198387146,0.3827229207754135,0.38763691306114197,0.32700778901576996
0.1960171369619624,0.18161983251571655,0.1897435188293457,0.18951451361179352,0.19501131117343903,0.19703103184700012
0.1600142330397569,0.15736874222755432,0.1598978555202484,0.15632329046726227,0.1507330071926117,0.1538509440422058
0.2880389724299699,0.29194619357585907,0.27718655943870544,0.29378853380680084,0.29921598374843597,0.29652097940444946
0.1536431776422491,0.1461247080564499,0.14887203097343445,0.1452116918563843,0.19338813066482544,0.1498636054992676
0.1863081023250482,0.19388908684253693,0.1926307213306427,0.17073981642723083,0.19127280950546265,0.17132415771484375
0.2838383355940622,0.2936993110179901,0.27362942576408386,0.2707617974281311,0.296423060297966,0.2905704665184021
0.4239702539021454,0.4183696573972702,0.4152970826625824,0.41355685591697693,0.4767473351955414,0.47901565194129944
0.2691334084786885,0.25042637526988983,0.29406166672706604,0.2964451426267624,0.2552531671524048,0.25198858320713043
0.2655541333129549,0.2964281266927719,0.29184043288230896,0.29129295587539673,0.2943010425567627,0.29904862463474274
0.1783294805418107,0.1918505698442459,0.1601325023174286,0.1968959712982178,0.1952984344959259,0.1672245240211487
0.3204506810843856,0.3727932173013687,0.37209644317626953,0.31691125214099884,0.3102290904521942,0.3150402009487152
0.1869027377108686,0.19994945645332336,0.17262309432029724,0.1701962637901306,0.19307013154029846,0.1983641743659973
0.1825267944137706,0.1739051675796509,0.17557847023010254,0.17702470779418945,0.1724624180793762,0.1766579294204712
0.2412495462621554,0.23229194223880768,0.2911067593097687,0.2326109218597412,0.2330590891838074,0.23297528386116028
0.2564297040674015,0.29599894762039185,0.2960973197221756,0.29613262593746185,0.29821585834026337,0.2933490765094757
0.219049825191525,0.260179340839386,0.20014875173568726,0.2657062929868698,0.20037064611911774,0.20510478973388672
0.1855033146743595,0.17990669190883636,0.19435684382915497,0.1984382027387619,0.17676044702529907,0.1918372178077698
0.17834954053073,0.19622957289218903,0.19620975017547607,0.1932132875919342,0.1671870720386505,0.16221129417419434
0.1702448273885715,0.1627794486284256,0.1947728931903839,0.1936748790740967,0.16162816524505615,0.16370988488197327
0.1508706990428519,0.1993092620372772,0.14988930583000183,0.1900453507900238,0.19207529425621033,0.14512136220932007
0.3116596297499187,0.36437938392162323,0.3643512612581253,0.36767215430736542,0.30038800716400146,0.30557748317718506
0.2445026077985594,0.2938029432296753,0.23674438774585724,0.295584477186203,0.2976508617401123,0.23315378487110138
0.2038844735685764,0.25750863552093506,0.20846058547496796,0.20859523236751556,0.2051079273223877,0.2016998529434204
0.2068519190722732,0.25194425642490387,0.25235080480575562,0.2002655565738678,0.255116628408432,0.25805577099323273
0.2416550446095943,0.23031023025512695,0.29841553270816803,0.23956387162208557,0.23617296874523163,0.2350166058540344
0.2289522954358748,0.2721536123752594,0.27972438275814056,0.27653939604759216,0.2755992519855499,0.27547117829322815
0.1425935655197447,0.19782195687294006,0.1363404941558838,0.1981946849822998,0.13913873076438904,0.1357400178909302
0.261498672219781,0.25613327622413635,0.25799892604351044,0.2509018850326538,0.25812569558620453,0.29244930982589722
0.1906959860917409,0.18623864233493805,0.19874675035476685,0.18084934890270233,0.19788385272026062,0.18177434921264648
0.1609880977399079,0.1981707835197449,0.15853886544704437,0.15677879452705383,0.15816504001617432,0.15355670154094696
0.1437580001146284,0.13727049887180328,0.1939607721567154,0.1985534292459488,0.13911540627479553,0.1978228962421417
0.291484057084997,0.2833374238014221,0.2952651208639145,0.2875095295906067,0.2973543131351471,0.2824229025840759
0.2126468677760158,0.20657023787498474,0.2647117483615875,0.2602422773838043,0.20787227630615234,0.26271989941596985
0.2271602697590891,0.2757069307565689,0.2715644347667694,0.21019264459609985,0.21028281450271606,0.2107302975654602
0.2683983531704334,0.2556697630882263,0.2901513469219208,0.2986651986837387,0.25752936840057373,0.25199938654899597
0.2599220526144852,0.2468503999710083,0.24671812772750854,0.2401247823238373,0.24062552392482758,0.2934033274650574
0.2283786752765412,0.21918702363967896,0.2733700805902481,0.2733298772573471,0.2744302272796631,0.27301671624183655
0.1968343427010297,0.19371198773384094,0.19150265216827393,0.1862622928619385,0.19178120970726013,0.1959021234512329
0.1492023766310681,0.1990622740983963,0.1399808597564697,0.1325732183456421,0.13273354172706604,0.1305684733390808
0.2099000821504307,0.25739139437675476,0.20354904294013977,0.20096646547317505,0.2537182927131653,0.2087932777404785
0.3690335861528762,0.35094497323036194,0.3528714072704315,0.3559289872646332,0.3563700997829437,0.35315558552742004
0.1814775902875774,0.1716339123249054,0.193221492767334,0.1987206780910492,0.1980227994918823,0.1995725476741791
0.32810643256978,0.31420492351055145,0.37769774317741394,0.3719175052642822,0.3767076325416565,0.37902965664863586
0.2207582675811473,0.2148047113418579,0.27472890615463257,0.2773235583305359,0.27690255641937256,0.2732896149158478
0.3572550293257933,0.3991724121570587,0.39923471689224243,0.34249231815338135,0.39196595311164856,0.3968518614768982
0.3357937068949047,0.38666204512119293,0.3862802040576935,0.32021607875823975,0.32871290683746338,0.3220482277870178
0.2832981487495939,0.2928314197063446,0.2767350172996521,0.29153215765953064,0.2969197726249695,0.27084683418273926
0.3502937355520317,0.3466601824760437,0.3932993257045746,0.34877102673053741,0.39921201050281525,0.39521026015281677
0.3400163345624056,0.3379913330078125,0.39949246108531952,0.3958117115497589,0.3324265658855438,0.39738520979881287
0.3482485719198364,0.39010072231292725,0.33873923182487488,0.331515656709671,0.33482717514038086,0.3301861333847046
0.4198178361958618,0.46393295526504517,0.4679511630535126,0.4073133957386017,0.4009389090538025,0.4055747771263123
0.3227738188487476,0.31148855090141296,0.37734912753105164,0.37242098927497864,0.3195060110092163,0.316120195388794
0.4072550293257933,0.4068277931213379,0.4586035203933716,0.4563756632804871,0.40242153763771057,0.4583291697502136
0.4394828343809104,0.4212105679512024,0.4244337201118469,0.4836184096336365,0.4275392818450928,0.48894473671913147
0.6969212693196798,0.6940656614303589,0.68176090955734253,0.68510796785354614,0.6912021744251251,0.6876263737678528
0.6521817626043596,0.69888771772384644,0.6447963547706604,0.64238170981407166,0.6463368988037109,0.64488338351249695
0.4920113482223028,0.4807906103134155,0.48851072669029236,0.4896909809112549,0.48832034707069397,0.49037094593048096
0.536175801921938,0.5295842003822327,0.5287034606933594,0.52479437589645386,0.5895430064201355,0.58570626974105835
0.6774200943774715,0.6945609712600708,0.69946504831314087,0.66757213950157166,0.6663829517364502,0.6619143760204315
0.4189652866667939,0.4030626714229584,0.4615819251537323,0.40414220333099365,0.4680730736255646,0.4053317546844482
0.5604082685363849,0.5966305422782898,0.55768648505210876,0.5546063220500946,0.55696826815605164,0.5535783803462982
0.4494263798406663,0.4990568935871124,0.4308484101295471,0.4332157373428345,0.43846562147140503,0.4307172203063965
0.4032654796247826,0.40404433846473694,0.40362122535705566,0.40400354981422424,0.4540289616584778,0.40463963985443115
0.5790201173031733,0.5947481048107147,0.56052623748779297,0.5631669878959656,0.59294605016708374,0.59127782702445984
0.3652947863133561,0.3586957573890686,0.39728116035461426,0.3995493459701538,0.39328962564468384,0.39712628722190857
0.5062090441892899,0.5521358001232147,0.50600457668304443,0.5538503837585449,0.50436665058135986,0.5560789930820465
0.2974070076227957,0.29863717436790466,0.29551567912101746,0.29693299770355225,0.28608291387557983,0.2836441421508789
0.4576170643639073,0.44741896629333496,0.44455037236213684,0.4489887809753418,0.4918021500110626,0.4457798373699188
0.3883941750443769,0.39475677013397217,0.37122271180152893,0.3974994897842407,0.37905636191368103,0.3766285014152527
0.3900583650153792,0.38474886417388916,0.39199278593063354,0.39425233006477356,0.3825536108016968,0.3947443842887878
0.3827355138222876,0.37915498971939087,0.3793379473686218,0.39948914647102356,0.3752891492843628,0.3731106448173523
0.4931905889994841,0.4868334472179413,0.489523983001709,0.49503411650657654,0.4819063401222229,0.4827398753166199
0.567391532774201,0.5591372811794281,0.55630918860435486,0.59138617396354675,0.5996379661560059,0.5919972801208496
0.5414692509026995,0.5990843844413757,0.5391615116596222,0.5965031886100769,0.5336810660362244,0.5350941228866577
0.5593785224385304,0.5433995509147644,0.5933328175544739,0.5435742592811584,0.5489038634300232,0.549023756980896
0.6328802323137763,0.6223964405059814,0.6242591834068298,0.6827479338645935,0.629103364944458,0.62066999435424805
1.0,0.0081902480125427,0.0053181648254395,0.00923372864723206,0.00024165630340576,0.0025524401664734
0.6205629214985766,0.6105350601673126,0.6725722372531891,0.6146141147613525,0.6124203014373779,0.6797536110877991
0.521478516707105,0.577878737449646,0.5769778561592102,0.5778804111480713,0.51836597442626953,0.5190790557861328
0.5202247673996523,0.5779379367828369,0.57903268575668335,0.513849515914917,0.5119013237953186,0.57521668434143066
0.6305633035936036,0.6234209394454956,0.6284991574287415,0.6885506176948547,0.6830216670036316,0.6863165616989136
0.5200537798750549,0.5108891844749451,0.5178836297988892,0.577635772228241,0.51734551668167114,0.5118888425827026
0.6578916951645875,0.6457067131996155,0.6406806564331055,0.6456697106361389,0.6925610136985779,0.6969350028038025
0.5646633742811837,0.5980316698551178,0.55558797121047974,0.5954960250854492,0.5940634179115295,0.5976338839530945
0.4962511701660202,0.49655667543411255,0.49289289116859436,0.4902175879478455,0.4913673305511475,0.485015527009964
0.6361332938501805,0.6889175915718079,0.6244464993476868,0.6849316596984863,0.6878002202510834,0.6865212106704712
0.6312718603982732,0.6285308718681335,0.6808499073982239,0.6206535768508911,0.6846110439300537,0.6863931715488434
0.7032358672601875,0.7041331481933594,0.7031737232208252,0.7016999578475952,0.75316991090774536,0.757067813873291
0.5661783810633705,0.5945455431938171,0.598907835483551,0.55849230766296387,0.5565270137786865,0.59705180168151855
0.8470951225569798,0.8959027290344238,0.8382896625995636,0.8358640789985657,0.83432669520378113,0.838320951461792
0.3218295665131918,0.37999358654022217,0.3737643253803253,0.31403523087501526,0.3180530595779419,0.31314515233039856
0.3269730431958428,0.37094674229621887,0.3126034986972809,0.3159905576705933,0.3780948340892792,0.3119872975349426
0.5255573811206846,0.51718384861946106,0.5705164551734924,0.570804283618927,0.5129944849014282,0.5123898243904114
0.7880084251953461,0.7782653665542603,0.77325212836265564,0.7925156795978546,0.79407602071762085,0.77051843762397766
0.4403755038878168,0.4340434396266937,0.43946778535842896,0.4309819436073303,0.4918554067611694,0.4384936571121216
0.4934494583802991,0.49363121151924133,0.4951914632320404,0.4821320986747742,0.4941226768493652,0.48530362010002136
0.5893151901877998,0.5731405830383301,0.5939562439918518,0.5993237042427063,0.5980239772796631,0.5964102578163147
0.6881177998968344,0.6940921998023987,0.6977639150619507,0.6763898277282715,0.6970515489578247,0.6999687433242798
0.8436209235236802,0.8964104866981506,0.8307754707336426,0.8968250703811646,0.8303018522262573,0.8915752708911896
0.6173877118239306,0.6666872882843018,0.6689759564399719,0.6001112842559814,0.60893274784088135,0.6616197872161865
0.6490820166975526,0.6942956686019897,0.6913207316398621,0.6394067943096161,0.6391465926170349,0.691437965631485
0.7260235370536652,0.7782175254821777,0.7732016658782959,0.71428173899650574,0.77450762271881104,0.7140190887451172
0.5545746327111551,0.5413538813591003,0.54072301268577576,0.54930112957954407,0.5950544512271881,0.59141125202178955
0.6262293907494794,0.6744134736061096,0.61838592171669006,0.6784150469303131,0.67116610646247864,0.61616347551345825
0.2179828248285348,0.2027124094963074,0.2030367588996887,0.26087287425994873,0.20552515745162964,0.2631775164604187
0.5228679097491546,0.51373817563056946,0.51222888946533203,0.51215672969818115,0.512491090297699,0.51686043858528137
0.3884640735150832,0.37704893350601196,0.37854827761650085,0.37794890880584717,0.39422635674476624,0.3984086698293686
0.6044260932693961,0.6095662784576416,0.6581528389453888,0.65774192810058594,0.65977674424648285,0.65830047130584717
0.3642745925911774,0.3962418067455292,0.35497055172920227,0.3528665405511856,0.35596795082092285,0.3909650135040283
0.1927129702156926,0.18540530145168304,0.18725545823574066,0.19851853609085083,0.1867074453830719,0.19245564699172974
0.2060313700017193,0.25174551248550415,0.20786819100379944,0.2597422528266907,0.20716232776641846,0.25240798473358154
0.2698178361958619,0.29813340425491333,0.2556427550315857,0.25492709398269653,0.2502293932437897,0.2597374773025513
0.5607211088397683,0.5508797860145569,0.59953009724617004,0.5519005060195923,0.5509862184524536,0.59510215878486633
0.2132911755153506,0.206332129240036,0.2097265672683716,0.2649285066127777,0.20354325771331787,0.26546130180358887
0.4578678142253977,0.44751044750213623,0.49192490458488464,0.44989938855171204,0.4418303418159485,0.44591270089149475
0.6190488699539576,0.6689174950122833,0.6099362874031067,0.603351274728775,0.6063353896141052,0.6007605755329132
0.2500702099612172,0.295955353975296,0.2953873014450073,0.29269458055496216,0.24225733757019043,0.2486497461795807
0.4660976634889096,0.4979523456096649,0.45289865493774414,0.455682492852211,0.4597379994392395,0.45579397797584534
0.5074981372867431,0.5057656002044678,0.509234619140625,0.5508149993419647,0.5532284665107727,0.5040308904647827
0.2028695336530194,0.2064131498336792,0.2559579920768738,0.20143115162849426,0.2005084824562073,0.25898691177368164
0.4765407981965114,0.46782408714294434,0.49873782873153687,0.46773500084877014,0.46368489503860474,0.49256301045417786
0.4547136197772385,0.4945807766914368,0.4470642232894897,0.4408015501499176,0.4926058065891266,0.44539786577224731
0.6256338001260915,0.6105037581920624,0.61256338357925415,0.6129517424106598,0.61762766361236572,0.67912734627723694
0.4605448675085493,0.4919699454307556,0.4975320601463318,0.49563502192497253,0.49076351523399353,0.4548913061618805
0.3217039527730546,0.3136387550830841,0.3707809293270111,0.37238204419612885,0.31049360871315,0.3174661183357239
0.2645387157786141,0.2968274772167206,0.2519803559780121,0.2944922661781311,0.2953341698646545,0.29161279797554016
0.3122876984506046,0.3680496668815613,0.30794965386390686,0.3036118495464325,0.3643675410747528,0.3018149209022522
0.2938052843742239,0.291075302362442,0.2958742320537567,0.2988950550556183,0.2946086812019348,0.2994741725921631
0.4836611390252754,0.4726035463809967,0.47140050768852234,0.4966353797912598,0.4976723861694336,0.49897626757621765
0.3796348485741055,0.3999805271625519,0.3995700144767761,0.3948496675491333,0.3690491855144501,0.36502289056777954
0.698907208222685,0.6944566345214844,0.6970134520530701,0.6953370177745819,0.68522201776504517,0.6804927897453308
0.5683639646180003,0.59091267108917236,0.55383017778396606,0.557971271276474,0.5998293089866638,0.55220608472824097
0.448709951664979,0.4385905599594116,0.49661242365837097,0.49738309502601624,0.49457160353660583,0.49312483072280884
0.4430315419444815,0.4381583273410797,0.49515963077545166,0.43107259154319763,0.49656933307647705,0.49106929779052734
0.6823037464417401,0.6788636875152588,0.69055495858192444,0.6739161193370819,0.69986787021160126,0.67426236748695374
0.6247725600445158,0.6783994460105896,0.61165112376213074,0.67493607997894287,0.67721433997154236,0.61771023869514465
0.3408282864948512,0.3363107967376709,0.39009662747383118,0.33335364639759064,0.3304507064819336,0.3370558547973633
0.2285334237624897,0.2716408181190491,0.2725513994693756,0.21697304368019104,0.2196703338623047,0.21106594800949097
0.2833912844124334,0.27599425196647644,0.27657958149909973,0.27556899785995483,0.2951758372783661,0.2999603474140167
0.3972489158053607,0.38474427461624146,0.39467225432395935,0.3873175084590912,0.3997179353237152,0.3912702250480652
0.4294571384903425,0.47671159744262695,0.4778065848350525,0.47181528329849243,0.4748332726955414,0.41730933666229248
0.5722766176948206,0.566304270029068,0.56907521963119507,0.5660512351989746,0.56802504897117615,0.5910309934616089
0.3746589801883728,0.39607820987701416,0.39124781608581543,0.39016979455947876,0.3956232249736786,0.36845544815063477
0.3721944672640085,0.39972968578338623,0.39401161432266235,0.39477205991744995,0.39714125394821167,0.3961730623245239
0.3152112030261926,0.3658924877643585,0.30447594165802,0.3640278434753418,0.3022200894355774,0.36004796266555786
0.3132185774602143,0.3640916609764099,0.30164027214050293,0.36477245807647705,0.36798791766166687,0.36121987223625183
0.4292016457632547,0.47403879404067993,0.4767232584953308,0.4147136378288269,0.4791757905483246,0.4732235038280487
0.5303393003840056,0.5257033932209015,0.52493181228637695,0.58644312858581543,0.58949639797210693,0.5266348218917847
0.4348733354985384,0.489490225315094,0.48111757159233093,0.4845993387699127,0.4802536964416504,0.4272380828857422
0.674479873144451,0.66452160477638245,0.66617127418518066,0.6660374414920807,0.6971185863018036,0.66429246187210083
0.6449028523393767,0.69517910599708557,0.6957332479953766,0.63276814341545105,0.6344483411312103,0.690015549659729
0.6366811225951894,0.68344600915908813,0.6853738498687744,0.62750386118888855,0.6267175531387329,0.68986231684684753
0.4352530974732226,0.4290765392780304,0.4897067725658417,0.4897492837905884,0.48267258644104004,0.48219709515571594
0.4995816059453986,0.48620288252830505,0.4949251878261566,0.48768360137939453,0.48653043270111084,0.4812961673736572
0.6322478650440364,0.62563578605651855,0.6216027057170868,0.6851674008369446,0.628648955821991,0.6822710609436035
0.4486230250463289,0.43835559248924255,0.4393540835380554,0.4380516648292542,0.4310777473449707,0.43269208669662476
0.6249379095581071,0.6172642207145691,0.6173601126670837,0.61021968960762024,0.6763555347919464,0.6790418457984924
0.795825611829662,0.7829546046257019,0.79548972249031067,0.7939346742630005,0.7875616359710693,0.7865744972229004
0.4620574861968171,0.4951993763446808,0.49285110235214233,0.4587701642513275,0.4581358575820923,0.45769017934799194
0.2528805188850466,0.2405743622779846,0.29278924584388733,0.2492856597900391,0.2940161871910095,0.246694905757904
0.803285539613702,0.8587619197368622,0.8524072217941284,0.8513909149169922,0.8058950519561768,0.80248074412345886
0.6603170433486807,0.6599476957321167,0.6585954260826111,0.6591817367076874,0.6587593388557434,0.69985156774520874
0.6875355825993925,0.6758944225311279,0.6981960082054138,0.6977125239372253,0.67745761036872864,0.6709517014026642
0.7011047322469097,0.7562818789482117,0.7036554169654846,0.7077283561229706,0.75775051951408386,0.7083923280239105
0.6346851536977247,0.6232207179069519,0.6849684727191925,0.68832098364830017,0.6221874141693115,0.623376944065094
0.4068800985805169,0.4037961935997009,0.4010577654838562,0.45883710741996765,0.4514256048202515,0.40688939213752747
0.4145759700437498,0.40549144864082336,0.4035859799385071,0.4080284070968628,0.46951237082481384,0.4037645173072815
0.36211957663871,0.39704587936401367,0.35627647519111633,0.39223536252975464,0.3530320000648499,0.3961137628555298
0.6484697094167318,0.63588895559310913,0.63031550645828247,0.6390769910812378,0.63096195578575134,0.6952448534965515
0.6881053818084557,0.6921579074859619,0.6797214484214783,0.69379371404647827,0.6967924201488495,0.67854326725006104
0.5957042966585788,0.5837001371383667,0.5861569881439209,0.58065088748931885,0.5878731322288513,0.58264947056770325
0.5625618516325008,0.5986628532409668,0.5964765763282776,0.5986564779281616,0.5540999901294708,0.5998786413669586
0.5797112316833195,0.565483980178833,0.5914827013015747,0.56411542773246765,0.56488762497901917,0.59893075466156006
0.5269362665494908,0.5754979991912842,0.57149054050445557,0.578196120262146,0.515777690410614,0.5112859630584717
0.5450419296850357,0.5958227610588074,0.5955404829978943,0.59803582072257996,0.5341576838493347,0.53219404458999634
0.4477647440918555,0.43096954226493835,0.43792256474494934,0.49675721526145935,0.4303749418258667,0.4379471802711487
0.4383422807252162,0.4875069236755371,0.48402817010879517,0.4287522554397583,0.42431419014930725,0.42206031799316406
0.3665891332174312,0.3568991684913635,0.35556395411491394,0.35113520860671997,0.35716418862342834,0.3555315637588501
0.4751184494583801,0.49996248602867126,0.49675472140312195,0.49196009397506714,0.46001357674598694,0.46350802659988403
0.5270446860134115,0.5779229998588562,0.572740159034729,0.5132759761810303,0.51593539476394653,0.51329893589019775
0.4703366511112073,0.4971843481063843,0.4619626247882843,0.49108450174331665,0.4698532223701477,0.49966509342193604
0.7571609384253863,0.7964930772781372,0.79018263697624207,0.7959135055541992,0.7905022644996643,0.7901518249511719
0.6507689662419043,0.6965834701061249,0.64306103467941284,0.6418461227416992,0.6446409869194031,0.6975440740585327
0.5839711136159562,0.5782232737541199,0.5923987281322479,0.59393362522125244,0.59365814089775085,0.5766462314128876
0.4164845347037808,0.46044745802879333,0.4060559678077698,0.46863271474838257,0.4660036540031433,0.46999196827411652
0.5925448484037978,0.58269917607307434,0.5859239363670349,0.5895346939563751,0.5896930766105652,0.5933855211734772
0.6116763464073516,0.66129141330718994,0.60605859875679016,0.6668754780292511,0.6008427941799164,0.6652694416046143
0.5730556139311846,0.5940475857257843,0.569378365278244,0.56576714038848877,0.5605219578742981,0.5639738869667053
0.3654944309649809,0.3931768774986267,0.3526748216152191,0.39774943590164185,0.35018404483795166,0.3999929141998291
0.3433768603251628,0.33331827044487,0.3305233633518219,0.3926851773262024,0.3313112998008728,0.3927215313911438
0.7076514529163402,0.7580715227127075,0.7063550090789795,0.7589030349254608,0.75950194001197815,0.7026489770412445
0.4982823075250712,0.4986617958545685,0.48752012610435486,0.4848796272277832,0.49513105154037476,0.49222370624542236
0.6773589591731464,0.66908949732780457,0.6610235822200775,0.6677720093727112,0.66280903697013855,0.69075549602508545
0.4112823109107235,0.4680999195575714,0.4655913805961609,0.4623836398124695,0.46680312275886536,0.4696751844882965
0.58450631848826,0.57671658873558044,0.5723383688926697,0.5766416049003601,0.57284186840057373,0.5902467346191406
0.624651338287832,0.67199897050857544,0.67818824529647827,0.6743852400779724,0.67216794967651367,0.67304166316986084
0.57257130848442,0.56066187381744385,0.56052942395210266,0.59600624680519104,0.5613757801055908,0.5910965895652771
0.5855974055747664,0.57715118169784546,0.5780738925933838,0.5793551826477051,0.57023022770881653,0.5774132311344147
0.5007226372198765,0.5517580509185791,0.5517672276496887,0.5537272524833679,0.50292136788368225,0.554954069852829
0.5216944003973789,0.5703636288642883,0.57600788950920105,0.5775384736061096,0.57761385679244995,0.5720983672142029
0.4723888581090116,0.46364484310150146,0.4602378273010254,0.49620667338371277,0.4994102656841278,0.4622081184387207
0.3641948302542842,0.3987830674648285,0.39600386023521423,0.35248568773269653,0.3546005177497864,0.3588054382801056
0.334894828343809,0.3297285532951355,0.3858408737182617,0.38095629572868347,0.3879667901992798,0.3209993863105774
0.3223296333798215,0.31037890911102295,0.3104533278942108,0.37816291093826294,0.3135380172729492,0.3132916307449341
0.726857937068949,0.7749230408668518,0.77937740564346313,0.7785224461555481,0.7103759813308716,0.7179294955730438
0.4019147737042202,0.40396153688430786,0.45978715658187866,0.4030825674533844,0.4598206925392151,0.4016046905517578
0.2842070572951493,0.2747060453891754,0.2923333942890167,0.2999808704853058,0.2984883403778076,0.29753201484680176
0.5011252698546127,0.50471486806869507,0.5593486440181732,0.5042821216583252,0.55105868339538574,0.559382004737854
0.4337915289532506,0.4280274176597595,0.42417612195014954,0.42234413266181946,0.42985246181488037,0.42690244674682617
0.3926589992931241,0.3957494592666626,0.38775861263275146,0.3949595880508423,0.38018792629241943,0.3975794565677643
0.3976491603461781,0.3855066180229187,0.3939386582374573,0.3926496171951294,0.39976418375968933,0.3966916060447693
0.4530085207191027,0.4411231279373169,0.4407269811630249,0.44943892657756805,0.44179471731185913,0.4941841447353363
0.3769238484611122,0.3643410015106201,0.39408568143844604,0.36477537512779236,0.3698601722717285,0.3908040118217468
